section_key,section_name,section type,Brand,Sub.Group,MPN,Option name,Cores,Threads,Freq(GHz),MaxMemSpeed(MT/s),SRAM_Cache(MB),DRAM_Cache(GB),BBU,Freq(MT/s),Capacity(GB),FormFactor(/mm),Interface,HDD_RPM,PCIeVersion,PCIeLane,Spec,Port,Connector,XCVR_Mode
CPU,CPU,single,Intel,Emerald Rapids,8580,"Intel Xeon 8580, 60C/120T, 2GHz, 350W",60,120,2,5600,300,,,,,,,,,,,,,
CPU,CPU,single,Intel,Emerald Rapids,8570,"Intel Xeon 8570, 56C/112T, 2.1GHz, 350W",56,112,2.1,5600,300,,,,,,,,,,,,,
CPU,CPU,single,Intel,Emerald Rapids,8558,"Intel Xeon 8558, 48C/96T, 2.1GHz, 330W",48,96,2.1,5200,260,,,,,,,,,,,,,
CPU,CPU,single,Intel,Emerald Rapids,6548Y+,"Intel Xeon 6548Y+, 32C/64T, 2.5GHz, 250W",32,64,2.5,5200,60,,,,,,,,,,,,,
CPU,CPU,single,Intel,Emerald Rapids,6538Y+,"Intel Xeon 6538Y+, 32C/64T, 2.2GHz, 225W",32,64,2.2,5200,60,,,,,,,,,,,,,
CPU,CPU,single,Intel,Emerald Rapids,6530,"Intel Xeon 6530, 32C/64T, 2.1GHz, 270W",32,64,2.1,4800,160,,,,,,,,,,,,,
CPU,CPU,single,Intel,Emerald Rapids,4510,"Intel Xeon 4510, 12C/24T, 2.4GHz, 150W",12,24,2.4,4400,30,,,,,,,,,,,,,
CPU,CPU,single,Intel,Emerald Rapids,6542Y,"Intel Xeon 6542Y, 24C/48T, 2.9GHz, 250W",24,48,2.9,5200,60,,,,,,,,,,,,,
CPU,CPU,single,Intel,Granite Rapids AP,6980P,"Intel Xeon 6980P, 128C/256T, 2GHz, 500W",128,256,2,8800,504,,,,,,,,,,,,,
CPU,CPU,single,Intel,Granite Rapids AP,6979P,"Intel Xeon 6979P, 120C/240T, 2.1GHz, 500W",120,240,2.1,8800,504,,,,,,,,,,,,,
CPU,CPU,single,Intel,Granite Rapids AP,6972P,"Intel Xeon 6972P, 96C/192T, 2.4GHz, 500W",96,192,2.4,8800,480,,,,,,,,,,,,,
CPU,CPU,single,Intel,Granite Rapids AP,6952P,"Intel Xeon 6952P, 96C/192T, 2.1GHz, 400W",96,192,2.1,8800,480,,,,,,,,,,,,,
CPU,CPU,single,Intel,Granite Rapids AP,6960P,"Intel Xeon 6960P, 72C/144T, 2.7GHz, 500W",72,144,2.7,8800,432,,,,,,,,,,,,,
CPU,CPU,single,Intel,Granite Rapids SP,6788P,"Intel Xeon 6788P, 86C/172T, 2GHz, 350W",86,172,2,6400,336,,,,,,,,,,,,,
CPU,CPU,single,Intel,Granite Rapids SP,6787P,"Intel Xeon 6787P, 86C/172T, 2GHz, 350W",86,172,2,8000,336,,,,,,,,,,,,,
CPU,CPU,single,Intel,Granite Rapids SP,6781P,"Intel Xeon 6781P, 80C/160T, 2GHz, 350W",80,160,2,8000,336,,,,,,,,,,,,,
CPU,CPU,single,Intel,Granite Rapids SP,6768P,"Intel Xeon 6768P, 64C/128T, 2.4GHz, 330W",64,128,2.4,6400,336,,,,,,,,,,,,,
CPU,CPU,single,Intel,Granite Rapids SP,6776P,"Intel Xeon 6776P, 64C/128T, 2.3GHz, 350W",64,128,2.3,8000,336,,,,,,,,,,,,,
CPU,CPU,single,Intel,Granite Rapids SP,6767P,"Intel Xeon 6767P, 64C/128T, 2.4GHz, 350W",64,128,2.4,8000,336,,,,,,,,,,,,,
CPU,CPU,single,Intel,Granite Rapids SP,6761P,"Intel Xeon 6761P, 64C/128T, 2.5GHz, 350W",64,128,2.5,8000,336,,,,,,,,,,,,,
CPU,CPU,single,Intel,Granite Rapids SP,6760P,"Intel Xeon 6760P, 64C/128T, 2.2GHz, 330W",64,128,2.2,6400,320,,,,,,,,,,,,,
CPU,CPU,single,Intel,Granite Rapids SP,6747P,"Intel Xeon 6747P, 48C/96T, 2.7GHz, 330W",48,96,2.7,8000,288,,,,,,,,,,,,,
CPU,CPU,single,Intel,Granite Rapids SP,6741P,"Intel Xeon 6741P, 48C/96T, 2.5GHz, 300W",48,96,2.5,6400,288,,,,,,,,,,,,,
CPU,CPU,single,Intel,Granite Rapids SP,6740P,"Intel Xeon 6740P, 48C/96T, 2.1GHz, 270W",48,96,2.1,6400,288,,,,,,,,,,,,,
CPU,CPU,single,Intel,Granite Rapids SP,6730P,"Intel Xeon 6730P, 32C/64T, 2.5GHz, 250W",32,64,2.5,6400,288,,,,,,,,,,,,,
CPU,CPU,single,Intel,Granite Rapids SP,6748P,"Intel Xeon 6748P, 48C/96T, 2.5GHz, 300W",48,96,2.5,6400,192,,,,,,,,,,,,,
CPU,CPU,single,Intel,Granite Rapids SP,6738P,"Intel Xeon 6738P, 32C/64T, 2.9GHz, 270W",32,64,2.9,6400,144,,,,,,,,,,,,,
CPU,CPU,single,Intel,Granite Rapids SP,6737P,"Intel Xeon 6737P, 32C/64T, 2.9GHz, 270W",32,64,2.9,6400,144,,,,,,,,,,,,,
CPU,CPU,single,Intel,Granite Rapids SP,6728P,"Intel Xeon 6728P, 24C/48T, 2.7GHz, 210W",24,48,2.7,6400,144,,,,,,,,,,,,,
CPU,CPU,single,Intel,Granite Rapids SP,6530P,"Intel Xeon 6530P, 32C/64T, 2.3GHz, 225W",32,64,2.3,6400,144,,,,,,,,,,,,,
CPU,CPU,single,Intel,Granite Rapids SP,6520P,"Intel Xeon 6520P, 24C/48T, 2.4GHz, 210W",24,48,2.4,6400,144,,,,,,,,,,,,,
CPU,CPU,single,Intel,Granite Rapids SP,6724P,"Intel Xeon 6724P, 16C/32T, 3.6GHz, 210W",16,32,3.6,6400,72,,,,,,,,,,,,,
CPU,CPU,single,Intel,Granite Rapids SP,6515P,"Intel Xeon 6515P, 16C/32T, 2.3GHz, 150W",16,32,2.3,6400,72,,,,,,,,,,,,,
CPU,CPU,single,Intel,Sierra Forest SP,6780E,"Intel Xeon 6780E, 144C/144T, 2.2GHz, 330W",144,144,2.2,6400,108,,,,,,,,,,,,,
CPU,CPU,single,Intel,Sierra Forest SP,6740E,"Intel Xeon 6740E, 96C/96T, 2.4GHz, 250W",96,96,2.4,6400,96,,,,,,,,,,,,,
CPU,CPU,single,AMD,Genoa,9754,"AMD EPYC 9754, 128C, 2.25GHz, 360W",128,256,2.25,4800,256,,,,,,,,,,,,,
CPU,CPU,single,AMD,Genoa,9734,"AMD EPYC 9734, 112C, 2.2GHz, 340W",112,224,2.2,4800,256,,,,,,,,,,,,,
CPU,CPU,single,AMD,Genoa,9654,"AMD EPYC 9654, 96C, 2.4GHz, 360W",96,192,2.4,4800,256,,,,,,,,,,,,,
CPU,CPU,single,AMD,Genoa,9634,"AMD EPYC 9634, 84C, 2.25GHz, 290W",84,168,2.25,4800,256,,,,,,,,,,,,,
CPU,CPU,single,AMD,Genoa,9554,"AMD EPYC 9554, 64C, 3.1GHz, 360W",64,128,3.1,4800,256,,,,,,,,,,,,,
CPU,CPU,single,AMD,Genoa,9534,"AMD EPYC 9534, 64C, 2.45GHz, 280W",64,128,2.45,4800,256,,,,,,,,,,,,,
CPU,CPU,single,AMD,Genoa,9454,"AMD EPYC 9454, 48C, 2.75GHz, 290W",48,96,2.75,4800,384,,,,,,,,,,,,,
CPU,CPU,single,AMD,Genoa,9354,"AMD EPYC 9354, 32C, 3.25GHz, 280W",32,64,3.25,4800,384,,,,,,,,,,,,,
CPU,CPU,single,AMD,Genoa,9334,"AMD EPYC 9334, 32C, 2.7GHz, 210W",32,64,2.7,4800,384,,,,,,,,,,,,,
CPU,CPU,single,AMD,Genoa,9254,"AMD EPYC 9254, 24C, 2.9GHz, 200W",24,48,2.9,4800,384,,,,,,,,,,,,,
CPU,CPU,single,AMD,Genoa,9224,"AMD EPYC 9224, 24C, 2.5GHz, 200W",24,48,2.5,4800,1152,,,,,,,,,,,,,
CPU,CPU,single,AMD,Genoa,9124,"AMD EPYC 9124, 16C, 3GHz, 200W",16,32,3,4800,256,,,,,,,,,,,,,
CPU,CPU,single,AMD,Genoa,9654P,"AMD EPYC 9654P, 96C, 2.4GHz, 360W",96,192,2.4,4800,256,,,,,,,,,,,,,
CPU,CPU,single,AMD,Genoa,9554P,"AMD EPYC 9554P, 64C, 3.1GHz, 360W",64,128,3.1,4800,384,,,,,,,,,,,,,
CPU,CPU,single,AMD,Genoa,9454P,"AMD EPYC 9454P, 48C, 2.75GHz, 290W",48,96,2.75,4800,256,,,,,,,,,,,,,
CPU,CPU,single,AMD,Genoa,9354P,"AMD EPYC 9354P, 32C, 3.25GHz, 280W",32,64,3.25,4800,384,,,,,,,,,,,,,
CPU,CPU,single,AMD,Genoa,9474F,"AMD EPYC 9474F, 48C, 3.6GHz, 360W",48,96,3.6,4800,512,,,,,,,,,,,,,
CPU,CPU,single,AMD,Genoa,9374F,"AMD EPYC 9374F, 32C, 3.85GHz, 320W",32,64,3.85,4800,384,,,,,,,,,,,,,
CPU,CPU,single,AMD,Genoa,9274F,"AMD EPYC 9274F, 24C, 4.05GHz, 320W",24,48,4.05,4800,320,,,,,,,,,,,,,
CPU,CPU,single,AMD,Genoa,9174F,"AMD EPYC 9174F, 16C, 4.1GHz, 320W",16,32,4.1,4800,384,,,,,,,,,,,,,
CPU,CPU,single,AMD,Genoa,9684X,"AMD EPYC 9684X, 96C, 2.55GHz, 400W",96,192,2.55,4800,256,,,,,,,,,,,,,
CPU,CPU,single,AMD,Genoa,9384X,"AMD EPYC 9384X, 32C, 3.1GHz, 320W",32,64,3.1,4800,256,,,,,,,,,,,,,
CPU,CPU,single,AMD,Genoa,9184X,"AMD EPYC 9184X, 16C, 3.55GHz, 320W",16,32,3.55,4800,256,,,,,,,,,,,,,
CPU,CPU,single,AMD,Turin,9965,"AMD EPYC 9965, 192C, 2.25GHz, 500W",192,384,2.25,6000,64,,,,,,,,,,,,,
CPU,CPU,single,AMD,Turin,9845,"AMD EPYC 9845, 160C, 2.1GHz, 390W",160,320,2.1,6000,64,,,,,,,,,,,,,
CPU,CPU,single,AMD,Turin,9825,"AMD EPYC 9825, 144C, 2.2GHz, 390W",144,288,2.2,6000,64,,,,,,,,,,,,,
CPU,CPU,single,AMD,Turin,9755,"AMD EPYC 9755, 128C, 2.7GHz, 500W",128,256,2.7,6000,64,,,,,,,,,,,,,
CPU,CPU,single,AMD,Turin,9745,"AMD EPYC 9745, 128C, 2.4GHz, 400W",128,256,2.4,6000,256,,,,,,,,,,,,,
CPU,CPU,single,AMD,Turin,9655,"AMD EPYC 9655, 96C, 2.6GHz, 400W",96,192,2.6,6000,512,,,,,,,,,,,,,
CPU,CPU,single,AMD,Turin,9645,"AMD EPYC 9645, 96C, 2.3GHz, 320W",96,192,2.3,6000,64,,,,,,,,,,,,,
CPU,CPU,single,AMD,Turin,9565,"AMD EPYC 9565, 72C, 3.15GHz, 400W",72,144,3.15,6000,128,,,,,,,,,,,,,
CPU,CPU,single,AMD,Turin,9555,"AMD EPYC 9555, 64C, 3.2GHz, 360W",64,128,3.2,6000,256,,,,,,,,,,,,,
CPU,CPU,single,AMD,Turin,9535,"AMD EPYC 9535, 64C, 2.4GHz, 300W",64,128,2.4,6000,128,,,,,,,,,,,,,
CPU,CPU,single,AMD,Turin,9455,"AMD EPYC 9455, 48C, 3.15GHz, 300W",48,96,3.15,6000,256,,,,,,,,,,,,,
CPU,CPU,single,AMD,Turin,9365,"AMD EPYC 9365, 36C, 3.4GHz, 300W",36,72,3.4,6000,256,,,,,,,,,,,,,
CPU,CPU,single,AMD,Turin,9355,"AMD EPYC 9355, 32C, 3.55GHz, 280W",32,64,3.55,6000,192,,,,,,,,,,,,,
CPU,CPU,single,AMD,Turin,9335,"AMD EPYC 9335, 32C, 3GHz, 210W",32,64,3,6000,256,,,,,,,,,,,,,
CPU,CPU,single,AMD,Turin,9255,"AMD EPYC 9255, 24C, 3.2GHz, 200W",24,48,3.2,6000,256,,,,,,,,,,,,,
CPU,CPU,single,AMD,Turin,9135,"AMD EPYC 9135, 16C, 3.65GHz, 200W",16,32,3.65,6000,256,,,,,,,,,,,,,
CPU,CPU,single,AMD,Turin,9115,"AMD EPYC 9115, 16C, 2.6GHz, 125W",16,32,2.6,6000,256,,,,,,,,,,,,,
CPU,CPU,single,AMD,Turin,9015,"AMD EPYC 9015, 8C, 3.6GHz, 125W",8,16,3.6,6000,256,,,,,,,,,,,,,
CPU,CPU,single,AMD,Turin,9575F,"AMD EPYC 9575F, 64C, 3.3GHz, 400W",64,128,3.3,6400,128,,,,,,,,,,,,,
CPU,CPU,single,AMD,Turin,9475F,"AMD EPYC 9475F, 48C, 3.65GHz, 400W",48,96,3.65,6000,128,,,,,,,,,,,,,
CPU,CPU,single,AMD,Turin,9375F,"AMD EPYC 9375F, 32C, 3.8GHz, 320W",32,64,3.8,6000,256,,,,,,,,,,,,,
CPU,CPU,single,AMD,Turin,9275F,"AMD EPYC 9275F, 24C, 4.1GHz, 320W",24,48,4.1,6000,768,,,,,,,,,,,,,
CPU,CPU,single,AMD,Turin,9175F,"AMD EPYC 9175F, 16C, 4.2GHz, 320W",16,32,4.2,6000,256,,,,,,,,,,,,,
CPU,CPU,single,AMD,Turin,9655P,"AMD EPYC 9655P, 96C, 2.6GHz, 400W",96,192,2.6,6000,768,,,,,,,,,,,,,
CPU,CPU,single,AMD,Turin,9555P,"AMD EPYC 9555P, 64C, 3.2GHz, 360W",64,128,3.2,6000,256,,,,,,,,,,,,,
CPU,CPU,single,AMD,Turin,9455P,"AMD EPYC 9455P, 48C, 3.15GHz, 300W",48,96,3.15,6000,256,,,,,,,,,,,,,
CPU,CPU,single,AMD,Turin,9355P,"AMD EPYC 9355P, 32C, 3.55GHz, 280W",32,64,3.55,6000,256,,,,,,,,,,,,,
RDIMM,DIMM / Memory,single,SAMSUNG,DDR5,M321R4GA3PB0-CWM,DDR5 5600MT/s 32GB,,,,,,,,5600,32 ,,,,,,,,,
RDIMM,DIMM / Memory,single,SAMSUNG,DDR5,M321R8GA0PB0-CWM,DDR5 5600MT/s 64GB,,,,,,,,5600,64 ,,,,,,,,,
RDIMM,DIMM / Memory,single,SAMSUNG,DDR5,M321RYGA0PB0-CWM,DDR5 5600MT/s 96GB,,,,,,,,5600,96 ,,,,,,,,,
RDIMM,DIMM / Memory,single,SAMSUNG,DDR5,M321R4GA3EB0-CWM,DDR5 5600MT/s 32GB,,,,,,,,5600,32 ,,,,,,,,,
RDIMM,DIMM / Memory,single,SAMSUNG,DDR5,M321R8GA0EB0-CWM,DDR5 5600MT/s 64GB,,,,,,,,5600,64 ,,,,,,,,,
RDIMM,DIMM / Memory,single,SAMSUNG,DDR5,M321RAJA0MB0-CWM,DDR5 5600MT/s 128GB,,,,,,,,5600,128 ,,,,,,,,,
RDIMM,DIMM / Memory,single,SAMSUNG,DDR5,M321RYGA0PB2-CCP,DDR5 6400MT/s 96GB,,,,,,,,6400,96 ,,,,,,,,,
RDIMM,DIMM / Memory,single,SAMSUNG,DDR5,M321R4GA3EB2-CCP,DDR5 6400MT/s 32GB,,,,,,,,6400,32 ,,,,,,,,,
RDIMM,DIMM / Memory,single,SAMSUNG,DDR5,M321R8GA0EB2-CCP,DDR5 6400MT/s 64GB,,,,,,,,6400,64 ,,,,,,,,,
RDIMM,DIMM / Memory,single,SAMSUNG,DDR5,MDRRWM4QDBC2,DDR5 6400MT/s 96GB,,,,,,,,6400,96 ,,,,,,,,,
RDIMM,DIMM / Memory,single,SAMSUNG,DDR5,M321RAJA0MB2-CCP,DDR5 6400MT/s 128GB,,,,,,,,6400,128 ,,,,,,,,,
RDIMM,DIMM / Memory,single,SAMSUNG,DDR5,M321RBJA0M22-CLP,DDR5 6400MT/s 256GB,,,,,,,,6400,256 ,,,,,,,,,
RDIMM,DIMM / Memory,single,MICRON,DDR5,MTC10F1084S1RC56BD2,DDR5 5600MT/s 16GB,,,,,,,,5600,16 ,,,,,,,,,
RDIMM,DIMM / Memory,single,MICRON,DDR5,MTC20F2085S1RC56BD2,DDR5 5600MT/s 32GB,,,,,,,,5600,32 ,,,,,,,,,
RDIMM,DIMM / Memory,single,MICRON,DDR5,MTC40F2046S1RC56BD1 ,DDR5 5600MT/s 64GB,,,,,,,,5600,64 ,,,,,,,,,
RDIMM,DIMM / Memory,single,MICRON,DDR5,MTC10F1084S1RC64BH1,DDR5 6400MT/s 16GB,,,,,,,,6400,16 ,,,,,,,,,
RDIMM,DIMM / Memory,single,MICRON,DDR5,MTC20F1045S1RC64BD2,DDR5 6400MT/s 32GB,,,,,,,,6400,32 ,,,,,,,,,
RDIMM,DIMM / Memory,single,MICRON,DDR5,MTC20F2085S1RC64BD2,DDR5 6400MT/s 32GB,,,,,,,,6400,32 ,,,,,,,,,
RDIMM,DIMM / Memory,single,MICRON,DDR5,MTC20F2085S1RC64BH1,DDR5 6400MT/s 32GB,,,,,,,,6400,32 ,,,,,,,,,
RDIMM,DIMM / Memory,single,MICRON,DDR5,MTC40F2046S1RC64BD2,DDR5 6400MT/s 64GB,,,,,,,,6400,64 ,,,,,,,,,
RDIMM,DIMM / Memory,single,MICRON,DDR5,MTC40F2046S1RC64BH1,DDR5 6400MT/s 64GB,,,,,,,,6400,64 ,,,,,,,,,
RDIMM,DIMM / Memory,single,MICRON,DDR5,MTC40F204WS1RC64BC1,DDR5 6400MT/s 96GB,,,,,,,,6400,96 ,,,,,,,,,
RDIMM,DIMM / Memory,single,MICRON,DDR5,MTC40F2047S1RC56BB1,DDR5 6400MT/s 128GB,,,,,,,,6400,128 ,,,,,,,,,
RDIMM,DIMM / Memory,single,MICRON,DDR5,MTC40F2047S1RC64BB1 ,DDR5 6400MT/s 128GB,,,,,,,,6400,128 ,,,,,,,,,
HDD,HDD,optional,Toshiba,SATA,MG10ADA100N,"HDD, 3.5"", 1TB, SATA",,,,,,,,,1000 ,"3.5""",SATA,7200,,,,,,
HDD,HDD,optional,Toshiba,SATA,MG10ADA200E,"HDD, 3.5"", 2TB, SATA",,,,,,,,,2000 ,"3.5""",SATA,7200,,,,,,
HDD,HDD,optional,Toshiba,SATA,MG10ADA400E,"HDD, 3.5"", 4TB, SATA",,,,,,,,,4000 ,"3.5""",SATA,7200,,,,,,
HDD,HDD,optional,Toshiba,SATA,MG10ADA600E,"HDD, 3.5"", 6TB, SATA",,,,,,,,,6000 ,"3.5""",SATA,7200,,,,,,
HDD,HDD,optional,Toshiba,SATA,MG10ADA800E,"HDD, 3.5"", 8TB, SATA",,,,,,,,,8000 ,"3.5""",SATA,7200,,,,,,
HDD,HDD,optional,Toshiba,SAS,MG10SDA800E,"HDD, 3.5"", 8TB, SAS",,,,,,,,,8000 ,"3.5""",SAS,7200,,,,,,
HDD,HDD,optional,Toshiba,SATA,MG10ADA10TE,"HDD, 3.5"", 10TB, SATA",,,,,,,,,10000 ,"3.5""",SATA,7200,,,,,,
HDD,HDD,optional,Toshiba,SAS,MG10SDA10TE,"HDD, 3.5"", 10TB, SAS",,,,,,,,,10000 ,"3.5""",SAS,7200,,,,,,
HDD,HDD,optional,Toshiba,SATA,MG09ACA12TE,"HDD, 3.5"", 12TB, SATA",,,,,,,,,12000 ,"3.5""",SATA,7200,,,,,,
HDD,HDD,optional,Toshiba,SAS,MG09SCA12TE,"HDD, 3.5"", 12TB, SAS",,,,,,,,,12000 ,"3.5""",SAS,7200,,,,,,
HDD,HDD,optional,Toshiba,SATA,MG11ACA14TE,"HDD, 3.5"", 14TB, SATA",,,,,,,,,14000 ,"3.5""",SATA,7200,,,,,,
HDD,HDD,optional,Toshiba,SAS,MG11SCA14TE,"HDD, 3.5"", 14TB, SAS",,,,,,,,,14000 ,"3.5""",SAS,7200,,,,,,
HDD,HDD,optional,Toshiba,SATA,MG11ACA16TE,"HDD, 3.5"", 16TB, SATA",,,,,,,,,16000 ,"3.5""",SATA,7200,,,,,,
HDD,HDD,optional,Toshiba,SAS,MG11SCA16TE,"HDD, 3.5"", 16TB, SAS",,,,,,,,,16000 ,"3.5""",SAS,7200,,,,,,
HDD,HDD,optional,Toshiba,SATA,MG11ACA18TE,"HDD, 3.5"", 18TB, SATA",,,,,,,,,18000 ,"3.5""",SATA,7200,,,,,,
HDD,HDD,optional,Toshiba,SAS,MG11SCA18TE,"HDD, 3.5"", 18TB, SAS",,,,,,,,,18000 ,"3.5""",SAS,7200,,,,,,
HDD,HDD,optional,Toshiba,SATA,MG11ACA20TE,"HDD, 3.5"", 20TB, SATA",,,,,,,,,20000 ,"3.5""",SATA,7200,,,,,,
HDD,HDD,optional,Toshiba,SAS,MG11SCA20TE,"HDD, 3.5"", 20TB, SAS",,,,,,,,,20000 ,"3.5""",SAS,7200,,,,,,
HDD,HDD,optional,Toshiba,SATA,MG11ACA22TE,"HDD, 3.5"", 22TB, SATA",,,,,,,,,22000 ,"3.5""",SATA,7200,,,,,,
HDD,HDD,optional,Toshiba,SAS,MG11SCA22TE,"HDD, 3.5"", 22TB, SAS",,,,,,,,,22000 ,"3.5""",SAS,7200,,,,,,
HDD,HDD,optional,Toshiba,SATA,MG11ACA24TE,"HDD, 3.5"", 24TB, SATA",,,,,,,,,24000 ,"3.5""",SATA,7200,,,,,,
HDD,HDD,optional,Toshiba,SAS,MG11SCA24TE,"HDD, 3.5"", 24TB, SAS",,,,,,,,,24000 ,"3.5""",SAS,7200,,,,,,
HDD,HDD,optional,WD,SATA,HUS722T1TALA604,"HDD, 3.5"", 1TB, SATA",,,,,,,,,1000 ,"3.5""",SATA,7200,,,,,,
HDD,HDD,optional,WD,SATA,HUS726T2TALA6L4,"HDD, 3.5"", 2TB, SATA",,,,,,,,,2000 ,"3.5""",SATA,7200,,,,,,
HDD,HDD,optional,WD,SATA,HUS726T4TALE6L4 ,"HDD, 3.5"", 4TB, SATA",,,,,,,,,4000 ,"3.5""",SATA,7200,,,,,,
HDD,HDD,optional,WD,SATA,WUS721204BLE6l4,"HDD, 3.5"", 4TB, SATA",,,,,,,,,4000 ,"3.5""",SATA,7200,,,,,,
HDD,HDD,optional,WD,SAS,HUS726T4TAL5204,"HDD, 3.5"", 4TB, SAS",,,,,,,,,4000 ,"3.5""",SAS,7200,,,,,,
HDD,HDD,optional,WD,SATA,HUS726T6TALE6L4 ,"HDD, 3.5"", 6TB, SATA",,,,,,,,,6000 ,"3.5""",SATA,7200,,,,,,
HDD,HDD,optional,WD,SATA,WUS721206BLE6L4,"HDD, 3.5"", 6TB, SATA",,,,,,,,,6000 ,"3.5""",SATA,7200,,,,,,
HDD,HDD,optional,WD,SAS,HUS726T6TAL5204,"HDD, 3.5"", 6TB, SAS",,,,,,,,,6000 ,"3.5""",SAS,7200,,,,,,
HDD,HDD,optional,WD,SATA,HUS728T8TALE6L4 ,"HDD, 3.5"", 8TB, SATA",,,,,,,,,8000 ,"3.5""",SATA,7200,,,,,,
HDD,HDD,optional,WD,SATA,WUS721208BLE6L4,"HDD, 3.5"", 8TB, SATA",,,,,,,,,8000 ,"3.5""",SATA,7200,,,,,,
HDD,HDD,optional,WD,SAS,HUS728T8TAL5204,"HDD, 3.5"", 8TB, SAS",,,,,,,,,8000 ,"3.5""",SAS,7200,,,,,,
HDD,HDD,optional,WD,SATA,WUS721010ALE6L4,"HDD, 3.5"", 10TB, SATA",,,,,,,,,10000 ,"3.5""",SATA,7200,,,,,,
HDD,HDD,optional,WD,SATA,WUS721210BLE6L4,"HDD, 3.5"", 10TB, SATA",,,,,,,,,10000 ,"3.5""",SATA,7200,,,,,,
HDD,HDD,optional,WD,SAS,WUS721010AL5204,"HDD, 3.5"", 10TB, SAS",,,,,,,,,10000 ,"3.5""",SAS,7200,,,,,,
HDD,HDD,optional,WD,SATA,WUS721212BLE6L4,"HDD, 3.5"", 12TB, SATA",,,,,,,,,12000 ,"3.5""",SATA,7200,,,,,,
HDD,HDD,optional,WD,SAS,WUH722012CL5204,"HDD, 3.5"", 12TB, SAS",,,,,,,,,12000 ,"3.5""",SAS,7200,,,,,,
HDD,HDD,optional,WD,SATA,WUH722014CLE6L4,"HDD, 3.5"", 14TB, SATA",,,,,,,,,14000 ,"3.5""",SATA,7200,,,,,,
HDD,HDD,optional,WD,SAS,WUH722014CL5204,"HDD, 3.5"", 14TB, SAS",,,,,,,,,14000 ,"3.5""",SAS,7200,,,,,,
HDD,HDD,optional,WD,SATA,WUH722016CLE6L4,"HDD, 3.5"", 16TB, SATA",,,,,,,,,16000 ,"3.5""",SATA,7200,,,,,,
HDD,HDD,optional,WD,SAS,WUH722016CL5204,"HDD, 3.5"", 16TB, SAS",,,,,,,,,16000 ,"3.5""",SAS,7200,,,,,,
HDD,HDD,optional,WD,SATA,WUH722018CLE6L4,"HDD, 3.5"", 18TB, SATA",,,,,,,,,18000 ,"3.5""",SATA,7200,,,,,,
HDD,HDD,optional,WD,SAS,WUH722018CL5204,"HDD, 3.5"", 18TB, SAS",,,,,,,,,18000 ,"3.5""",SAS,7200,,,,,,
HDD,HDD,optional,WD,SATA,WUH722020CLE6L4,"HDD, 3.5"", 20TB, SATA",,,,,,,,,20000 ,"3.5""",SATA,7200,,,,,,
HDD,HDD,optional,WD,SAS,WUH722020CL5204,"HDD, 3.5"", 20TB, SAS",,,,,,,,,20000 ,"3.5""",SAS,7200,,,,,,
HDD,HDD,optional,WD,SATA,WUH722222ALE6L4 ,"HDD, 3.5"", 22TB, SATA",,,,,,,,,22000 ,"3.5""",SATA,7200,,,,,,
HDD,HDD,optional,WD,SATA,WUH722422ALE6L4,"HDD, 3.5"", 22TB, SATA",,,,,,,,,22000 ,"3.5""",SATA,7200,,,,,,
HDD,HDD,optional,WD,SAS,WUH722222AL5204,"HDD, 3.5"", 22TB, SAS",,,,,,,,,22000 ,"3.5""",SAS,7200,,,,,,
HDD,HDD,optional,WD,SAS,WUH722422AL5204,"HDD, 3.5"", 22TB, SAS",,,,,,,,,22000 ,"3.5""",SAS,7200,,,,,,
HDD,HDD,optional,WD,SATA,WUH722424ALE6L4 ,"HDD, 3.5"", 24TB, SATA",,,,,,,,,24000 ,"3.5""",SATA,7200,,,,,,
HDD,HDD,optional,WD,SATA,WUH722624ALE6L4,"HDD, 3.5"", 24TB, SATA",,,,,,,,,24000 ,"3.5""",SATA,7200,,,,,,
HDD,HDD,optional,WD,SAS,WUH722424AL5204,"HDD, 3.5"", 24TB, SAS",,,,,,,,,24000 ,"3.5""",SAS,7200,,,,,,
HDD,HDD,optional,WD,SAS,WUH722624AL5204,"HDD, 3.5"", 24TB, SAS",,,,,,,,,24000 ,"3.5""",SAS,7200,,,,,,
HDD,HDD,optional,WD,SATA,WUH722626ALE6L4,"HDD, 3.5"", 26TB, SATA",,,,,,,,,26000 ,"3.5""",SATA,7200,,,,,,
HDD,HDD,optional,WD,SAS,WUH722626AL5204,"HDD, 3.5"", 26TB, SAS",,,,,,,,,26000 ,"3.5""",SAS,7200,,,,,,
HDD,HDD,optional,Seagate,SATA,ST16000NM002H,"HDD, 3.5"", 16TB, SATA",,,,,,,,,16000 ,"3.5""",SATA,7200,,,,,,
HDD,HDD,optional,Seagate,SAS,ST16000NM007H,"HDD, 3.5"", 16TB, SAS",,,,,,,,,16000 ,"3.5""",SAS,7200,,,,,,
HDD,HDD,optional,Seagate,SATA,ST20000NM002H,"HDD, 3.5"", 20TB, SATA",,,,,,,,,20000 ,"3.5""",SATA,7200,,,,,,
HDD,HDD,optional,Seagate,SAS,ST20000NM007H,"HDD, 3.5"", 20TB, SAS",,,,,,,,,20000 ,"3.5""",SAS,7200,,,,,,
HDD,HDD,optional,Seagate,SATA,ST24000NM002H,"HDD, 3.5"", 24TB, SATA",,,,,,,,,24000 ,"3.5""",SATA,7200,,,,,,
HDD,HDD,optional,Seagate,SAS,ST24000NM007H,"HDD, 3.5"", 24TB, SAS",,,,,,,,,24000 ,"3.5""",SAS,7200,,,,,,
HDD,HDD,optional,Seagate,SATA,ST32000NM000K,"HDD, 3.5"", 32TB, SATA",,,,,,,,,32000 ,"3.5""",SATA,7200,,,,,,
SSD,SSD / NVMe,optional,SAMSUNG,PM893,MZ7L3480HCHQ-00A07,"SSD, 2.5""/7mm, 480GB, PM893",,,,,,,,,480 ,"2.5""/7",SATA,,,,,,,
SSD,SSD / NVMe,optional,SAMSUNG,PM893,MZ7L3960HCJR-00A07,"SSD, 2.5""/7mm, 960GB, PM893",,,,,,,,,960 ,"2.5""/7",SATA,,,,,,,
SSD,SSD / NVMe,optional,SAMSUNG,PM893,MZ7L31T9HBLT-00A07,"SSD, 2.5""/7mm, 1.92TB, PM893",,,,,,,,,1920 ,"2.5""/7",SATA,,,,,,,
SSD,SSD / NVMe,optional,SAMSUNG,PM893,MZ7L33T8HBLT-00A07,"SSD, 2.5""/7mm, 3.84TB, PM893",,,,,,,,,3840 ,"2.5""/7",SATA,,,,,,,
SSD,SSD / NVMe,optional,SAMSUNG,PM893,MZ7L37T6HBLA-00A07,"SSD, 2.5""/7mm, 7.68TB, PM893",,,,,,,,,7680 ,"2.5""/7",SATA,,,,,,,
SSD,SSD / NVMe,optional,SAMSUNG,PM9A3,MZ1L2960HCJR-00A07,"SSD, M.2/110mm, 960GB, PM9A3",,,,,,,,,960 ,M.2/110,NVMe,,PCIe 4.0,4,,,,
SSD,SSD / NVMe,optional,SAMSUNG,PM9A3,MZ1L21T9HCLS-00A07,"SSD, M.2/110mm, 1.92TB, PM9A3",,,,,,,,,1920 ,M.2/110,NVMe,,PCIe 4.0,4,,,,
SSD,SSD / NVMe,optional,SAMSUNG,PM9A3,MZ1L23T8HBLA-00A07,"SSD, M.2/110mm, 3.84TB, PM9A3",,,,,,,,,3840 ,M.2/110,NVMe,,PCIe 4.0,4,,,,
SSD,SSD / NVMe,optional,SAMSUNG,PM9A3,MZQL2960HCJR-00A07,"SSD, 2.5""/7mm, 960GB, PM9A3",,,,,,,,,960 ,"2.5""/7",NVMe,,PCIe 4.0,4,,,,
SSD,SSD / NVMe,optional,SAMSUNG,PM9A3,MZQL21T9HCJR-00A07,"SSD, 2.5""/7mm, 1.92TB, PM9A3",,,,,,,,,1920 ,"2.5""/7",NVMe,,PCIe 4.0,4,,,,
SSD,SSD / NVMe,optional,SAMSUNG,PM9A3,MZQL23T8HCLS-00A07,"SSD, 2.5""/7mm, 3.84TB, PM9A3",,,,,,,,,3840 ,"2.5""/7",NVMe,,PCIe 4.0,4,,,,
SSD,SSD / NVMe,optional,SAMSUNG,PM9A3,MZQL27T6HBLA-00A07,"SSD, 2.5""/7mm, 7.68TB, PM9A3",,,,,,,,,7680 ,"2.5""/7",NVMe,,PCIe 4.0,4,,,,
SSD,SSD / NVMe,optional,SAMSUNG,PM9A3,MZQL215THBLA-00A07,"SSD, 2.5""/7mm, 15.36TB, PM9A3",,,,,,,,,15363 ,"2.5""/7",NVMe,,PCIe 4.0,4,,,,
SSD,SSD / NVMe,optional,SAMSUNG,PM9D3A,MZWL6960HFJA-00AW7,"SSD, 2.5""/15mm, 960GB, PM9D3A",,,,,,,,,960 ,"2.5""/15",NVMe,,PCIe 5.0,4,,,,
SSD,SSD / NVMe,optional,SAMSUNG,PM9D3A,MZWL61T9HFLT-00AW7,"SSD, 2.5""/15mm, 1.92TB, PM9D3A",,,,,,,,,1920 ,"2.5""/15",NVMe,,PCIe 5.0,4,,,,
SSD,SSD / NVMe,optional,SAMSUNG,PM9D3A,MZWL63T8HFLT-00AW7,"SSD, 2.5""/15mm, 3.84TB, PM9D3A",,,,,,,,,3840 ,"2.5""/15",NVMe,,PCIe 5.0,4,,,,
SSD,SSD / NVMe,optional,SAMSUNG,PM9D3A,MZWL67T6HBLC-00AW7,"SSD, 2.5""/15mm, 7.68TB, PM9D3A",,,,,,,,,7680 ,"2.5""/15",NVMe,,PCIe 5.0,4,,,,
SSD,SSD / NVMe,optional,SAMSUNG,PM9D3A,MZWL615THBLF-00AW7,"SSD, 2.5""/15mm, 15.36TB, PM9D3A",,,,,,,,,15363 ,"2.5""/15",NVMe,,PCIe 5.0,4,,,,
SSD,SSD / NVMe,optional,SAMSUNG,PM9D3A,MZVL6480HFLU-01AW7,"SSD, M.2/80mm, 480GB, PM9D3A",,,,,,,,,480 ,M.2/80,NVMe,,PCIe 5.0,4,,,,
SSD,SSD / NVMe,optional,SAMSUNG,PM9D3A,MZVL6960HFLB-01AW7,"SSD, M.2/80mm, 960GB, PM9D3A",,,,,,,,,960 ,M.2/80,NVMe,,PCIe 5.0,4,,,,
SSD,SSD / NVMe,optional,SAMSUNG,PM9D3A,MZVL61T9HBL1-01AW7,"SSD, M.2/80mm, 1.92TB, PM9D3A",,,,,,,,,1920 ,M.2/80,NVMe,,PCIe 5.0,4,,,,
SSD,SSD / NVMe,optional,SAMSUNG,PM9D3A,MZTL61T9HFJA-00AW7,"SSD, E1.S/9.5mm, 1.92TB, PM9D3A",,,,,,,,,1920 ,E1.S/9.5,NVMe,,PCIe 5.0,4,,,,
SSD,SSD / NVMe,optional,SAMSUNG,PM9D3A,MZTL63T8HFLT-00AW7,"SSD, E1.S/9.5mm, 3.84TB, PM9D3A",,,,,,,,,3840 ,E1.S/9.5,NVMe,,PCIe 5.0,4,,,,
SSD,SSD / NVMe,optional,SAMSUNG,PM9D3A,MZTL67T6HBLC-00AW7,"SSD, E1.S/9.5mm, 7.68TB, PM9D3A",,,,,,,,,7680 ,E1.S/9.5,NVMe,,PCIe 5.0,4,,,,
SSD,SSD / NVMe,optional,SAMSUNG,PM9D3A,MZTL615THBLF-00AW7,"SSD, E1.S/9.5mm, 15.36TB, PM9D3A",,,,,,,,,15363 ,E1.S/9.5,NVMe,,PCIe 5.0,4,,,,
SSD,SSD / NVMe,optional,SAMSUNG,PM9D3A,MZ3L61T9HFLT-00AW7,"SSD, E3.S/7.5mm, 1.92TB, PM9D3A",,,,,,,,,1920 ,E3.S/7.5,NVMe,,PCIe 5.0,4,,,,
SSD,SSD / NVMe,optional,SAMSUNG,PM9D3A,MZ3L63T8HFLT-00AW7,"SSD, E3.S/7.5mm, 3.84TB, PM9D3A",,,,,,,,,3840 ,E3.S/7.5,NVMe,,PCIe 5.0,4,,,,
SSD,SSD / NVMe,optional,SAMSUNG,PM9D3A,MZ3L67T6HBLC-00AW7,"SSD, E3.S/7.5mm, 7.68TB, PM9D3A",,,,,,,,,7680 ,E3.S/7.5,NVMe,,PCIe 5.0,4,,,,
SSD,SSD / NVMe,optional,SAMSUNG,PM9D3A,MZ3L615THBLF-00AW7,"SSD, E3.S/7.5mm, 15.36TB, PM9D3A",,,,,,,,,15363 ,E3.S/7.5,NVMe,,PCIe 5.0,4,,,,
SSD,SSD / NVMe,optional,SAMSUNG,PM1753,MZTL93T8HFLC-00AW7,"SSD, E1.S/9.5mm, 3.84TB, PM1753",,,,,,,,,3840 ,E1.S/9.5,NVMe,,PCIe 5.0,4,,,,
SSD,SSD / NVMe,optional,SAMSUNG,PM1753,MZTL97T6HFLA-00AW7,"SSD, E1.S/9.5mm, 7.68TB, PM1753",,,,,,,,,7680 ,E1.S/9.5,NVMe,,PCIe 5.0,4,,,,
SSD,SSD / NVMe,optional,SAMSUNG,PM1753,MZTL915THBLF-00AW7,"SSD, E1.S/9.5mm, 15.36TB, PM1753",,,,,,,,,15363 ,E1.S/9.5,NVMe,,PCIe 5.0,4,,,,
SSD,SSD / NVMe,optional,MICRON,7500 PRO,MTFDKCC960TGP-1BK1JABYY,"SSD, U.3/15mm, 960GB, 7500 PRO",,,,,,,,,960 ,U.3/15,NVMe,,PCIe 4.0,4,,,,
SSD,SSD / NVMe,optional,MICRON,7500 PRO,MTFDKCC1T9TGP-1BK1JABYY,"SSD, U.3/15mm, 1.92TB, 7500 PRO",,,,,,,,,1920 ,U.3/15,NVMe,,PCIe 4.0,4,,,,
SSD,SSD / NVMe,optional,MICRON,7500 PRO,MTFDKCC3T8TGP-1BK1JABYY,"SSD, U.3/15mm, 3.84TB, 7500 PRO",,,,,,,,,3840 ,U.3/15,NVMe,,PCIe 4.0,4,,,,
SSD,SSD / NVMe,optional,MICRON,7500 PRO,MTFDKCC7T6TGP-1BK1JABYY,"SSD, U.3/15mm, 7.68TB, 7500 PRO",,,,,,,,,7680 ,U.3/15,NVMe,,PCIe 4.0,4,,,,
SSD,SSD / NVMe,optional,MICRON,7500 PRO,MTFDKCC7T6TGP-1BK1DABYY,"SSD, U.3/15mm, 7.68TB, 7500 PRO",,,,,,,,,7680 ,U.3/15,NVMe,,PCIe 4.0,4,,,,
SSD,SSD / NVMe,optional,MICRON,7500 PRO,MTFDKCC15T3TGP-1BK1DABYY,"SSD, U.3/15mm, 15.36TB, 7500 PRO",,,,,,,,,15363 ,U.3/15,NVMe,,PCIe 4.0,4,,,,
SSD,SSD / NVMe,optional,MICRON,7500 MAX,MTFDKCC800TGQ-1BK1DABYY,"SSD, U.3/15mm, 800GB, 7500 MAX",,,,,,,,,800 ,U.3/15,NVMe,,PCIe 4.0,4,,,,
SSD,SSD / NVMe,optional,MICRON,7500 MAX,MTFDKCC1T6TGQ-1BK1DABYY,"SSD, U.3/15mm, 1.6TB, 7500 MAX",,,,,,,,,1600 ,U.3/15,NVMe,,PCIe 4.0,4,,,,
SSD,SSD / NVMe,optional,MICRON,7500 MAX,MTFDKCC3T2TGQ-1BK1DABYY,"SSD, U.3/15mm, 3.2TB, 7500 MAX",,,,,,,,,3200 ,U.3/15,NVMe,,PCIe 4.0,4,,,,
SSD,SSD / NVMe,optional,MICRON,7500 MAX,MTFDKCC6T4TGQ-1BK1DABYY,"SSD, U.3/15mm, 6.4TB, 7500 MAX",,,,,,,,,6400 ,U.3/15,NVMe,,PCIe 4.0,4,,,,
SSD,SSD / NVMe,optional,MICRON,7500 MAX,MTFDKCC12T8TGQ-1BK1DABYY,"SSD, U.3/15mm, 12.8TB, 7500 MAX",,,,,,,,,12800 ,U.3/15,NVMe,,PCIe 4.0,4,,,,
SSD,SSD / NVMe,optional,MICRON,7450 PRO,MTFDKBA480TFR-1BC1ZABYY,"SSD, M.2/80mm, 480GB, 7450 PRO",,,,,,,,,480 ,M.2/80,NVMe,,PCIe 4.0,4,,,,
SSD,SSD / NVMe,optional,MICRON,7450 PRO,MTFDKBA480TFR-1BC15ABYY,"SSD, M.2/80mm, 480GB, 7450 PRO",,,,,,,,,480 ,M.2/80,NVMe,,PCIe 4.0,4,,,,
SSD,SSD / NVMe,optional,MICRON,7450 PRO,MTFDKBA960TFR-1BC1ZABYY,"SSD, M.2/80mm, 960GB, 7450 PRO",,,,,,,,,960 ,M.2/80,NVMe,,PCIe 4.0,4,,,,
SSD,SSD / NVMe,optional,MICRON,7450 PRO,MTFDKBA960TFR-1BC15ABYY,"SSD, M.2/80mm, 960GB, 7450 PRO",,,,,,,,,960 ,M.2/80,NVMe,,PCIe 4.0,4,,,,
SSD,SSD / NVMe,optional,MICRON,7450 PRO,MTFDKBG960TFR-1BC15ABYY,"SSD, M.2/110mm, 960GB, 7450 PRO",,,,,,,,,960 ,M.2/110,NVMe,,PCIe 4.0,4,,,,
SSD,SSD / NVMe,optional,MICRON,7450 PRO,MTFDKBG1T9TFR-1BC15ABYY,"SSD, M.2/110mm, 1.92TB, 7450 PRO",,,,,,,,,1920 ,M.2/110,NVMe,,PCIe 4.0,4,,,,
SSD,SSD / NVMe,optional,MICRON,7450 PRO,MTFDKBG3T8TFR-1BC15ABYY,"SSD, M.2/110mm, 3.84TB, 7450 PRO",,,,,,,,,3840 ,M.2/110,NVMe,,PCIe 4.0,4,,,,
SSD,SSD / NVMe,optional,MICRON,7450 MAX,MTFDKBA400TFS-1BC1ZABYY,"SSD, M.2/80mm, 400GB, 7450 MAX",,,,,,,,,400 ,M.2/80,NVMe,,PCIe 4.0,4,,,,
SSD,SSD / NVMe,optional,MICRON,7450 MAX,MTFDKBA800TFS-1BC1ZABYY,"SSD, M.2/80mm, 800GB, 7450 MAX",,,,,,,,,800 ,M.2/80,NVMe,,PCIe 4.0,4,,,,
SSD,SSD / NVMe,optional,MICRON,7600 PRO,MTFDLAL1T9THG-1BP1JABYY,"SSD, 2.5""/15mm, 1.92TB, 7600 PRO",,,,,,,,,1920 ,"2.5""/15",NVMe,,PCIe 5.0,4,,,,
SSD,SSD / NVMe,optional,MICRON,7600 PRO,MTFDLAL3T8THG-1BP1JABYY,"SSD, 2.5""/15mm, 3.84TB, 7600 PRO",,,,,,,,,3840 ,"2.5""/15",NVMe,,PCIe 5.0,4,,,,
SSD,SSD / NVMe,optional,MICRON,7600 PRO,MTFDLAL7T6THG-1BP1JABYY,"SSD, 2.5""/15mm, 7.68TB, 7600 PRO",,,,,,,,,7680 ,"2.5""/15",NVMe,,PCIe 5.0,4,,,,
SSD,SSD / NVMe,optional,MICRON,7600 PRO,MTFDLAL15T3THG-1BP1JABYY,"SSD, 2.5""/15mm, 15.36TB, 7600 PRO",,,,,,,,,15363 ,"2.5""/15",NVMe,,PCIe 5.0,4,,,,
SSD,SSD / NVMe,optional,MICRON,7600 PRO,MTFDLCE1T9THG-1BP1DFCYY,"SSD, E1.S/15mm, 1.92TB, 7600 PRO",,,,,,,,,1920 ,E1.S/15,NVMe,,PCIe 5.0,4,,,,
SSD,SSD / NVMe,optional,MICRON,7600 PRO,MTFDLCE3T8THG-1BP1DFCYY,"SSD, E1.S/15mm, 3.84TB, 7600 PRO",,,,,,,,,3840 ,E1.S/15,NVMe,,PCIe 5.0,4,,,,
SSD,SSD / NVMe,optional,MICRON,7600 PRO,MTFDLCE7T6THG-1BP1DFCYY,"SSD, E1.S/15mm, 7.68TB, 7600 PRO",,,,,,,,,7680 ,E1.S/15,NVMe,,PCIe 5.0,4,,,,
SSD,SSD / NVMe,optional,MICRON,7600 PRO,MTFDLCE15T3THG-1BP1DFCYY,"SSD, E1.S/15mm, 15.36TB, 7600 PRO",,,,,,,,,15363 ,E1.S/15,NVMe,,PCIe 5.0,4,,,,
SSD,SSD / NVMe,optional,MICRON,7600 PRO,MTFDLBT1T9THG-1BP1DFCYY,"SSD, E1.S/9.5mm, 1.92TB, 7600 PRO",,,,,,,,,1920 ,E1.S/9.5,NVMe,,PCIe 5.0,4,,,,
SSD,SSD / NVMe,optional,MICRON,7600 PRO,MTFDLBT3T8THG-1BP1DFCYY,"SSD, E1.S/9.5mm, 3.84TB, 7600 PRO",,,,,,,,,3840 ,E1.S/9.5,NVMe,,PCIe 5.0,4,,,,
SSD,SSD / NVMe,optional,MICRON,7600 PRO,MTFDLBT7T6THG-1BP1DFCYY,"SSD, E1.S/9.5mm, 7.68TB, 7600 PRO",,,,,,,,,7680 ,E1.S/9.5,NVMe,,PCIe 5.0,4,,,,
SSD,SSD / NVMe,optional,MICRON,7600 PRO,MTFDLBQ1T9THG-1BP1DFCYY,"SSD, E3.S/7.5mm, 1.92TB, 7600 PRO",,,,,,,,,1920 ,E3.S/7.5,NVMe,,PCIe 5.0,4,,,,
SSD,SSD / NVMe,optional,MICRON,7600 PRO,MTFDLBQ3T8THG-1BP1DFCYY,"SSD, E3.S/7.5mm, 3.84TB, 7600 PRO",,,,,,,,,3840 ,E3.S/7.5,NVMe,,PCIe 5.0,4,,,,
SSD,SSD / NVMe,optional,MICRON,7600 PRO,MTFDLBQ7T6THG-1BP1DFCYY,"SSD, E3.S/7.5mm, 7.68TB, 7600 PRO",,,,,,,,,7680 ,E3.S/7.5,NVMe,,PCIe 5.0,4,,,,
SSD,SSD / NVMe,optional,MICRON,7600 PRO,MTFDLBQ15T3THG-1BP1DFCYY,"SSD, E3.S/7.5mm, 15.36TB, 7600 PRO",,,,,,,,,15363 ,E3.S/7.5,NVMe,,PCIe 5.0,4,,,,
SSD,SSD / NVMe,optional,MICRON,9550 PRO,MTFDLAL3T8THA-1BK1JABYY,"SSD, 2.5""/15mm, 3.84TB, 9550 PRO",,,,,,,,,3840 ,"2.5""/15",NVMe,,PCIe 5.0,4,,,,
SSD,SSD / NVMe,optional,MICRON,9550 PRO,MTFDLAL3T8THA-1BK1DABYY,"SSD, 2.5""/15mm, 3.84TB, 9550 PRO",,,,,,,,,3840 ,"2.5""/15",NVMe,,PCIe 5.0,4,,,,
SSD,SSD / NVMe,optional,MICRON,9550 PRO,MTFDLAL7T6THA-1BK1JABYY,"SSD, 2.5""/15mm, 7.68TB, 9550 PRO",,,,,,,,,7680 ,"2.5""/15",NVMe,,PCIe 5.0,4,,,,
SSD,SSD / NVMe,optional,MICRON,9550 PRO,MTFDLAL7T6THA-1BK1DABYY,"SSD, 2.5""/15mm, 7.68TB, 9550 PRO",,,,,,,,,7680 ,"2.5""/15",NVMe,,PCIe 5.0,4,,,,
SSD,SSD / NVMe,optional,MICRON,9550 PRO,MTFDLAL15T3THA-1BK1JABYY,"SSD, 2.5""/15mm, 15.36TB, 9550 PRO",,,,,,,,,15363 ,"2.5""/15",NVMe,,PCIe 5.0,4,,,,
SSD,SSD / NVMe,optional,MICRON,9550 PRO,MTFDLAL15T3THA-1BK1DABYY,"SSD, 2.5""/15mm, 15.36TB, 9550 PRO",,,,,,,,,15363 ,"2.5""/15",NVMe,,PCIe 5.0,4,,,,
SSD,SSD / NVMe,optional,MICRON,9550 PRO,MTFDLAL30T7THA-1BK1JABYY,"SSD, 2.5""/15mm, 30.72TB, 9550 PRO",,,,,,,,,30720 ,"2.5""/15",NVMe,,PCIe 5.0,4,,,,
SSD,SSD / NVMe,optional,MICRON,9550 PRO,MTFDLCE3T8THA-1BK1DFCYY,"SSD, E1.S/15mm, 3.84TB, 9550 PRO",,,,,,,,,3840 ,E1.S/15,NVMe,,PCIe 5.0,4,,,,
SSD,SSD / NVMe,optional,MICRON,9550 PRO,MTFDLCE7T6THA-1BK1DFCYY,"SSD, E1.S/15mm, 7.68TB, 9550 PRO",,,,,,,,,7680 ,E1.S/15,NVMe,,PCIe 5.0,4,,,,
SSD,SSD / NVMe,optional,MICRON,9550 PRO,MTFDLCE15T3THA-1BK1DFCYY,"SSD, E1.S/15mm, 15.36TB, 9550 PRO",,,,,,,,,15363 ,E1.S/15,NVMe,,PCIe 5.0,4,,,,
SSD,SSD / NVMe,optional,MICRON,9550 PRO,MTFDLBT7T6THA-1BK1DFCYY,"SSD, E1.S/9.5mm, 7.68TB, 9550 PRO",,,,,,,,,7680 ,E1.S/9.5,NVMe,,PCIe 5.0,4,,,,
SSD,SSD / NVMe,optional,MICRON,9550 PRO,MTFDLBQ15T3THA-1BK1DABYY,"SSD, E3.S/7.5mm, 15.36TB, 9550 PRO",,,,,,,,,15363 ,E3.S/7.5,NVMe,,PCIe 5.0,4,,,,
SSD,SSD / NVMe,optional,MICRON,9550 PRO,MTFDLBQ30T7THA-1BK1DABYY,"SSD, E3.S/7.5mm, 30.72TB, 9550 PRO",,,,,,,,,30720 ,E3.S/7.5,NVMe,,PCIe 5.0,4,,,,
SSD,SSD / NVMe,optional,MICRON,9550 MAX,MTFDLAL3T2THB-1BK1JABYY,"SSD, 2.5""/15mm, 3.2TB, 9550 MAX",,,,,,,,,3200 ,"2.5""/15",NVMe,,PCIe 5.0,4,,,,
SSD,SSD / NVMe,optional,MICRON,9550 MAX,MTFDLAL6T4THB-1BK1JABYY,"SSD, 2.5""/15mm, 6.4TB, 9550 MAX",,,,,,,,,6400 ,"2.5""/15",NVMe,,PCIe 5.0,4,,,,
SSD,SSD / NVMe,optional,MICRON,9550 MAX,MTFDLAL12T8THB-1BK1JABYY,"SSD, 2.5""/15mm, 12.8TB, 9550 MAX",,,,,,,,,12800 ,"2.5""/15",NVMe,,PCIe 5.0,4,,,,
SSD,SSD / NVMe,optional,MICRON,9550 MAX,MTFDLAL25T6THB-1BK1JABYY,"SSD, 2.5""/15mm, 25.6TB, 9550 MAX",,,,,,,,,25600 ,"2.5""/15",NVMe,,PCIe 5.0,4,,,,
SSD,SSD / NVMe,optional,MICRON,9550 MAX,MTFDLBQ3T2THB-1BK1DABYY,"SSD, E3.S/7.5mm, 3.2TB, 9550 MAX",,,,,,,,,3200 ,E3.S/7.5,NVMe,,PCIe 5.0,4,,,,
SSD,SSD / NVMe,optional,MICRON,9550 MAX,MTFDLBQ6T4THB-1BK1DABYY,"SSD, E3.S/7.5mm, 6.4TB, 9550 MAX",,,,,,,,,6400 ,E3.S/7.5,NVMe,,PCIe 5.0,4,,,,
SSD,SSD / NVMe,optional,MICRON,9550 PRO,MTFDLBQ15T3THA-1BK1DABYY,"SSD, E3.S/7.5mm, 15.36TB, 9550 PRO",,,,,,,,,15363 ,E3.S/7.5,NVMe,,PCIe 5.0,4,,,,
SSD,SSD / NVMe,optional,MICRON,9550 MAX,MTFDLBQ25T6THB-1BK1DABYY,"SSD, E3.S/7.5mm, 25.6TB, 9550 MAX",,,,,,,,,25600 ,E3.S/7.5,NVMe,,PCIe 5.0,4,,,,
GPU,GPU / Accelerator,single,Nvidia,NVLink,900-23946-0000-000,Nvidia NVLINK 4-way,,,,,,,,,,,,,,,,4,NVLink,
GPU,GPU / Accelerator,single,Nvidia,NVLink,900-23945-0000-000,Nvidia NVLINK 2-way,,,,,,,,,,,,,,,,2,NVLink,
GPU,GPU / Accelerator,single,Nvidia,PCIe,900-2G133-0080-000,Nvidia GPU L40S,,,,,,,,,,FHFL-DW,,,PCIe 4.0,16,,,,
GPU,GPU / Accelerator,single,Nvidia,PCIe,900-2G193-0000-000,Nvidia GPU L4,,,,,,,,,,FHFL,,,PCIe 5.0,16,,,,
GPU,GPU / Accelerator,single,Nvidia,PCIe,900-21010-0040-000,Nvidia GPU H200 NVL,,,,,,,,,,FHFL-DW,,,PCIe 5.0,16,,,,
GPU,GPU / Accelerator,single,Nvidia,PCIe,900-2G153-0000-000,Nvidia RTX PRO 6000,,,,,,,,,,FHFL-DW,,,PCIe 5.0,16,,,,
GPU,GPU / Accelerator,single,Nvidia,PCIe-AC,900-5G153-2250-000,Nvidia RTX PRO 5000 48GB Blackwell,,,,,,,,,,FHFL-DW,,,PCIe 5.0,16,,,,
GPU,GPU / Accelerator,single,Nvidia,PCIe-LC,900-5G153-2270-000,Nvidia RTX PRO 5000 72GB Blackwell,,,,,,,,,,FHFL-DW,,,PCIe 5.0,16,,,,
GPU,GPU / Accelerator,single,Nvidia,PCIe,900-5G147-2250-000,Nvidia RTX PRO 4500,,,,,,,,,,FHFL-DW,,,PCIe 5.0,16,,,,
GPU,GPU / Accelerator,single,Nvidia,PCIe,900-2G147-0000-000 ,Nvidia RTX PRO 4500 Server Edition 32GB PCIe,,,,,,,,,,FHFL,,,PCIe 5.0,16,,,,
GPU,GPU / Accelerator,single,Nvidia,HGX,935-26287-0070-000,Nvidia HGX B300 16-GPU 16 x 144GB Baseboard AC,,,,,,,,,,SXM,,,PCIe 5.0,16,,,,
GPU,GPU / Accelerator,single,Nvidia,HGX,935-26287-0071-000,Nvidia HGX B300 NVL8 2.3TB Baseboard PC,,,,,,,,,,SXM,,,PCIe 5.0,16,,,,
GPU,GPU / Accelerator,single,AMD,PCIe,100-300000008H,AMD MI210 PCIe,,,,,,,,,,FHFL-DW,,,PCIe 4.0,16,,,,
GPU,GPU / Accelerator,single,AMD,UBB-DLC,100-300000045H,AMD MI300X 192GB HBM3 750W,,,,,,,,,,OAM,,,PCIe 5.0,16,,,,
GPU,GPU / Accelerator,single,AMD,UBB-AIR,100-300000069H,AMD MI300X 192GB HBM3 750W,,,,,,,,,,OAM,,,PCIe 4.0,16,,,,
GPU,GPU / Accelerator,single,AMD,UBB-DLC,100-300000098H,AMD MI325X 256GB HBM3e 1000W,,,,,,,,,,OAM,,,PCIe 4.0,24,,,,
GPU,GPU / Accelerator,single,AMD,UBB-AIR,100-300000097H,AMD MI325X 256GB HBM3e 1000W,,,,,,,,,,OAM,,,PCIe 4.0,16,,,,
GPU,GPU / Accelerator,single,AMD,UBB-AIR,100-300000246H,AMD MI350X 288GB 8 1000W,,,,,,,,,,OAM,,,PCIe 5.0,16,,,,
GPU,GPU / Accelerator,single,AMD,UBB-DLC,100-300000193H,AMD MI355X 288GB 8 1400W,,,,,,,,,,OAM,,,PCIe 5.0,16,,,,
HBA,HBA Card,optional,Broadcom,16i,05-50111-00,Broadcom eHBA 9600-16i,,,,,,,,,,HHHL,,,PCIe 4.0,8,9600-16i,2,x8 SFF-8654 (SlimSAS),
HBA,HBA Card,optional,Broadcom,24i,05-50111-01,Broadcom eHBA 9600-24i,,,,,,,,,,HHHL,,,PCIe 4.0,8,9600-24i,6,x4 SFF-8654 (SlimSAS),
HBA,HBA Card,optional,Broadcom,16i,05-50134-00,Broadcom eHBA 9500-16i,,,,,,,,,,HHHL,,,PCIe 4.0,8,9500-16i,2,x8 SFF-8654 (SlimSAS),
HBA,HBA Card,optional,Broadcom,8i,05-50134-01,Broadcom eHBA 9500-8i,,,,,,,,,,HHHL,,,PCIe 4.0,8,9500-8i,1,x8 SFF-8654 (SlimSAS),
HBA,HBA Card,optional,Broadcom,16i,05-50137-02,Broadcom eHBA 9502-16i,,,,,,,,,,HHHL,,,PCIe 4.0,8,9502-16i,2,x8 SFF-8654 (Vertical),
HBA,HBA Card,optional,Microchip,16i,120016IX2S,Microchip HBA 1200-16i,,,,,,,,,,HHHL,,,PCIe 4.0,8,1200-16i,2,x8 SFF-8654 (SlimSAS),
HBA,HBA Card,optional,Microchip,32i,1200UP32IX2S,Microchip HBA 1200-32i,,,,,,,,,,HHHL,,,PCIe 4.0,16,1200-32i,4,x8 SFF-8654 (SlimSAS),
HBA,HBA Card,optional,Microchip,16i,2293500-R ,Microchip HBA 1100-16i,,,,,,,,,,HHHL,,,PCIe 3.0,8,1100-16i,4,x4 SFF-8643 (Mini-SAS HD),
HBA,HBA Card,optional,Microchip,8i,2293200-R,Microchip HBA 1100-8i,,,,,,,,,,HHHL,,,PCIe 3.0,8,1100-8i,2,x4 SFF-8643 (Mini-SAS HD),
HBA,HBA Card,optional,Microchip,16i,1200UP16IX2S,Microchip HBA 1200P-16i,,,,,,,,,,HHHL,,,PCIe 4.0,8,1200P-16i,2,x8 SFF-8654 (SlimSAS),
HBA,HBA Card,optional,Microchip,16i,220016IX2S,Microchip HBA 2200-16i,,,,,,,,,,HHHL,,,PCIe 4.0,8,2200-16i,2,x8 SFF-8654 (SlimSAS),
Raid,RAID,optional,Broadcom,16i,05-50077-00,Broadcom MegaRAID(R) 9560-16i,,,,,,8,05-50039-00,,,HHHL,,,PCIe 4.0,8,9560-16i,2,x8 SFF-8654 (SlimSAS),
Raid,RAID,optional,Broadcom,8i,05-50077-01,Broadcom MegaRAID(R) 9560-8i,,,,,,4,05-50039-00,,,,,,PCIe 4.0,8,9560-8i,1,x8 SFF-8654 (SlimSAS),
Raid,RAID,optional,Broadcom,24i,05-50123-00,Broadcom MegaRAID(R) 9670-24i,,,,,,8,05-50039-00,,,,,,PCIe 4.0,8,9670-24i,3,x8 SFF-8654 (SlimSAS),
Raid,RAID,optional,Broadcom,16i,05-50113-00,Broadcom MegaRAID(R) 9670W-16i,,,,,,8,05-50039-00,,,,,,PCIe 4.0,16,9670W-16i,2,x8 SFF-8654 (SlimSAS),
Raid,RAID,optional,Broadcom,8i,05-50134-25,Broadcom MegaRAID(R) 9520-8i,,,,,,12,05-50134-25,,,,,,PCIe 4.0,8,9520-8i,1,x8 SFF-8654 (SlimSAS),
Raid,RAID,optional,Broadcom,16i,05-50107-00,Broadcom MegaRAID(R) 9660-16i,,,,,,4,05-50107-00,,,,,,PCIe 4.0,8,9660-16i,2,x8 SFF-8654 (SlimSAS),
BBU,RAID BBU (Backup),optional,Broadcom,BBU,05-50039-00,Broadcom CVPM05,,,,,,N/A,N/A,,,,,,N/A,N/A,CVPM05,N/A,N/A,
Raid,RAID,optional,Microchip,8i,3204C8IXS,Microchip SmartRAID 3204-8i,,,,,,4,ASC-400,,,,,,PCIe 4.0,8,3204-8i,1,x8 SFF-8654 (SlimSAS),
Raid,RAID,optional,Microchip,16i,2295000-R,Microchip SmartRAID 3154-16i,,,,,,4,AFM-700,,,,,,PCIe 3.0,16,3154-16i,4,x SFF-8643 (Mini-SAS HD),
Raid,RAID,optional,Microchip,16i,3258C16IX2S,Microchip SmartRAID 3258-16i,,,,,,8,ASC-400,,,,,,PCIe 4.0,8,3258-16i,1,x SFF-8654 (SlimSAS),
Raid,RAID,optional,Microchip,8i,2291000-R,Microchip SmartRAID 3154-8i,,,,,,4,AFM-700,,,,,,PCIe 3.0,8,3154-8i,2,x SFF-8643 (Mini-SAS HD),
Raid,RAID,optional,Microchip,16i,3258UPC16IX2S,Microchip SmartRAID 3258P-16i,,,,,,8,ASC-400,,,,,,PCIe 4.0,16,3258P-16i,2,x SFF-8654 (SlimSAS),
Raid,RAID,optional,Microchip,8i,3254C8IXS,Microchip SmartRAID 3254-8i,,,,,,4,ASC-400,,,,,,PCIe 4.0,8,3254-8i,1,x SFF-8654 (SlimSAS),
Raid,RAID,optional,Microchip,32i,3258UPC32IX2S,Microchip SmartRAID 3258UP-32i,,,,,,8,ASCM40F,,,FHHL,,,PCIe 4.0,8,3258UP-32i,4,x8 SFF-8654 (SlimSAS),
Raid,RAID,optional,Microchip,16i,3254C16IX2S,Microchip SmartRAID 3254-16i,,,,,,4,ASC-400,,,,,,PCIe 4.0,8,3254-16i,2,SFF-8654 (SlimSAS),
Raid,RAID,optional,Microchip,24i,2294700-R,Microchip SmartRAID 3154-24i,,,,,,4,AFM-700,,,,,,PCIe 3.0,8,3154-24i,6,SFF-8643 (Mini-SAS HD),
Raid,RAID,optional,Broadcom,M2,05-50148-03,Broadcom MegaRAID(R) 9520-2M2,,,,,,N/A,N/A,,,,,,PCIe 4.0,2,9520-2M2,2,x M.2 NVMe 插槽 (板載),
NIC Card,NIC Card,optional,Intel,1G,I350T2V2BLK,"1GbE, 2-port, RJ45, HH PCIe",,,,,,,,,,HHHL,,,PCIe 4.0,4,,2,RJ45,
NIC Card,NIC Card,optional,Intel,1G,I350T4V2BLK,"1GbE, 4-port, RJ45, HH PCIe",,,,,,,,,,HHHL,,,PCIe 4.0,4,,4,RJ45,
NIC Card,NIC Card,optional,Intel,1G,I350T4G2P20,"1GbE, 4-port, RJ45, HH PCIe",,,,,,,,,,HHHL,,,PCIe 4.0,4,,4,RJ45,
NIC Card,NIC Card,optional,Intel,1G,I350T4OCPV3G1P5,"1GbE, 4-port, RJ45, OCP 3.0",,,,,,,,,,OCP3.0,,,PCIe v2.1,4,,4,RJ45,
NIC Card,NIC Card,optional,Intel,10G,X710T2LBLK,"10GbE, 2-port, RJ45, HH PCIe",,,,,,,,,,HHHL,,,PCIe 3.0,8,,2,RJ45,
NIC Card,NIC Card,optional,Intel,10G,X710T4LBLK,"10GbE, 4-port, RJ45, HH PCIe",,,,,,,,,,HHHL,,,PCIe 3.0,8,,4,RJ45,
NIC Card,NIC Card,optional,Intel,10G,X710DA2BLK,"10GbE, 2-port, SFP+, HH PCIe",,,,,,,,,,HHHL,,,PCIe 4.0,8,,2,SFP+,
NIC Card,NIC Card,optional,Intel,10G,X710DA4FHBLK,"10GbE, 4-port, SFP+, Full Height",,,,,,,,,,FHHL,,,PCIe 4.0,8,,4,SFP+,
NIC Card,NIC Card,optional,Intel,10G,X710T2LOCPV3,"10GbE, 2-port, RJ45, OCP 3.0",,,,,,,,,,OCP3.0,,,PCIe 4.0,8,,2,RJ45,
NIC Card,NIC Card,optional,Intel,10G,X710T2LOCPV3G1P,"10GbE, 2-port, RJ45, OCP 3.0",,,,,,,,,,OCP3.0,,,PCIe 4.0,8,,2,RJ45,
NIC Card,NIC Card,optional,Intel,10G,X710T4LOCPV3,"10GbE, 4-port, RJ45, OCP 3.0",,,,,,,,,,OCP3.0,,,PCIe 3.0,8,,4,RJ45,
NIC Card,NIC Card,optional,Intel,10G,X710DA2OCPV3G1P,"10GbE, 2-port, SFP+, OCP 3.0",,,,,,,,,,OCP3.0,,,PCIe 4.0,8,,2,SFP+,
NIC Card,NIC Card,optional,Intel,10G,X710DA4OCPV3G1P,"10GbE, 4-port, SFP+, OCP 3.0",,,,,,,,,,OCP3.0,,,PCIe 3.0,8,,4,SFP+,
NIC Card,NIC Card,optional,Intel,25G,E810XXVDA2G1P5,"25GbE, 2-port, SFP28, HH PCIe",,,,,,,,,,HHHL,,,PCIe 3.0,8,,2,SFP28,
NIC Card,NIC Card,optional,Intel,25G,E810XXVDA4TGG1,"25GbE, 4-port, SFP28, Full Height",,,,,,,,,,FHHL,,,PCIe v2.1,16,,4,SFP28,
NIC Card,NIC Card,optional,Intel,25G,E810XXVDA4TG1,"25GbE, 4-port, SFP28, Full Height",,,,,,,,,,FHHL,,,PCIe v2.1,16,,4,SFP28,
NIC Card,NIC Card,optional,Intel,25G,E810XXVDA2OCPV3,"25GbE, 2-port, SFP28, OCP 3.0",,,,,,,,,,OCP3.0,,,PCIe 4.0,8,,2,SFP28,
NIC Card,NIC Card,optional,Intel,25G,E810XXVDA2OCP3G,"25GbE, 2-port, SFP28, OCP 3.0",,,,,,,,,,OCP3.0,,,PCIe 4.0,8,,2,SFP28,
NIC Card,NIC Card,optional,Intel,25G,E810XXVDA4OCPV3,"25GbE, 4-port, SFP28, OCP 3.0",,,,,,,,,,OCP3.0,,,PCIe 3.0,16,,4,SFP28,
NIC Card,NIC Card,optional,Intel,25G,E810XXVDA2BLK,"25GbE, 2-port, SFP28, HH PCIe",,,,,,,,,,HHHL,,,PCIe 3.0,8,,2,SFP28,
NIC Card,NIC Card,optional,Intel,25G,E810XXVDA4BLK,"25GbE, 4-port, SFP28, Full Height",,,,,,,,,,FHHL,,,PCIe v2.1,16,,4,SFP28,
NIC Card,NIC Card,optional,Intel,25G,E810XXVDA4LG1P5,"25GbE, 4-port, SFP28, Full Height",,,,,,,,,,FHHL,,,PCIe v2.1,16,,4,SFP28,
NIC Card,NIC Card,optional,Intel,100G,E8102CQDA2 ,"100GbE, 2-port, QSFP28, Full Height",,,,,,,,,,FHHL,,,PCIe 3.0,16,,2,QSFP28,
NIC Card,NIC Card,optional,Intel,100G,E810CQDA1,"100GbE, 1-port, QSFP28, HH PCIe",,,,,,,,,,HHHL,,,PCIe 4.0,16,,1,QSFP28,
NIC Card,NIC Card,optional,Intel,100G,E810CQDA1OCPV3,"100GbE, 1-port, QSFP28, OCP 3.0",,,,,,,,,,OCP3.0,,,PCIe 4.0,16,,1,QSFP28,
NIC Card,NIC Card,optional,Intel,100G,E810CQDA2BLK,"100GbE, 2-port, QSFP28, HH PCIe",,,,,,,,,,HHHL,,,PCIe 4.0,16,,2,QSFP28,
NIC Card,NIC Card,optional,Intel,100G,E810CQDA2G2P5,"100GbE, 2-port, QSFP28, HH PCIe",,,,,,,,,,HHHL,,,PCIe 4.0,16,,2,QSFP28,
NIC Card,NIC Card,optional,Intel,100G,E810CQDA2OCPV3,"100GbE, 2-port, QSFP28, OCP 3.0",,,,,,,,,,OCP3.0,,,PCIe 4.0,16,,2,QSFP28,
NIC Card,NIC Card,optional,Broadcom,10G,BCM957412A4120AC,"10GbE, 2-port, SFP+, HH PCIe",,,,,,,,,,HHHL,,,PCIe 3.0,8,,2,SFP+,
NIC Card,NIC Card,optional,Broadcom,10G,BCM957416A4160C,"10GbE, 2-port, RJ45, HH PCIe",,,,,,,,,,HHHL,,,PCIe 3.0,8,,2,RJ45,
NIC Card,NIC Card,optional,Broadcom,10G,BCM957416N4160C,"10GbE, 2-port, RJ45, OCP3.0",,,,,,,,,,OCP3.0,,,PCIe 3.0,8,,2,RJ45,
NIC Card,NIC Card,optional,Broadcom,10G,BCM957412N4120C,"10GbE, 2-port, SFP+, OCP3.0",,,,,,,,,,OCP3.0,,,PCIe 3.0,8,,2,SFP+,
NIC Card,NIC Card,optional,Broadcom,25G,BCM957414A4142CC,"25GbE, 2-port, SFP28, HH PCIe",,,,,,,,,,HHHL,,,PCIe 3.0,8,,2,SFP28,
NIC Card,NIC Card,optional,Broadcom,25G,BCM957504-P425G,"25GbE, 4-port, SFP28, HH PCIe",,,,,,,,,,HHHL,,,PCIe 4.0,16,,4,SFP28,
NIC Card,NIC Card,optional,Broadcom,25G,BCM957414N4140C,"25GbE, 2-port, SFP28, OCP3.0",,,,,,,,,,OCP3.0,,,PCIe 3.0,8,,2,SFP28,
NIC Card,NIC Card,optional,Broadcom,25G,BCM957504-N425G,"25GbE, 4-port, SFP28, OCP3.0",,,,,,,,,,OCP3.0,,,PCIe 4.0,16,,4,SFP28,
NIC Card,NIC Card,optional,Broadcom,50G,BCM957414A4140C,"50GbE, 1-port, SFP56, HH PCIe",,,,,,,,,,HHHL,,,PCIe 3.0,8,,1,SFP56,
NIC Card,NIC Card,optional,Broadcom,100G,BCM957504-N1100G,"100GbE, 1-port, QSFP56, OCP3.0",,,,,,,,,,OCP3.0,,,PCIe 4.0,16,,1,QSFP56,
NIC Card,NIC Card,optional,Broadcom,100G,BCM957508-P2100G,"100GbE, 2-port, QSFP56, HH PCIe",,,,,,,,,,HHHL,,,PCIe 4.0,16,,2,QSFP56,
NIC Card,NIC Card,optional,Broadcom,100G,BCM957508-N2100G,"100GbE, 2-port, QSFP56, OCP3.0",,,,,,,,,,OCP3.0,,,PCIe 4.0,16,,2,QSFP56,
NIC Card,NIC Card,optional,Broadcom,200G,BCM957508-P1200G,"200GbE, 1-port, QSFP56, HH PCIe",,,,,,,,,,HHHL,,,PCIe 4.0,16,,1,QSFP56,
NIC Card,NIC Card,optional,Broadcom,200G,BCM957608-P2200GQF00,"200GbE, 2-port, QSFP112, HH PCIe",,,,,,,,,,HHHL,,,PCIe 5.0,16,,2,QSFP112,
NIC Card,NIC Card,optional,Broadcom,200G,BCM957608-N2200GQP00,"200GbE, 2-port, QSFP112, OCP3.0",,,,,,,,,,OCP3.0,,,PCIe 5.0,16,,2,QSFP112,
NIC Card,NIC Card,optional,Broadcom,400G,BCM957608-N1400GDP00,"400GbE, 1-port, QSFP112, OCP3.0",,,,,,,,,,OCP3.0,,,PCIe 5.0,16,,1,QSFP112,
NIC Card,NIC Card,optional,Broadcom,400G,BCM957608-P1400GDF00,"400GbE, 1-port, QSFP112, HH PCIe",,,,,,,,,,HHHL,,,PCIe 5.0,16,,1,QSFP112,
Transceiver,Transceiver,optional,Hi-Optel,1.25G,HTSFP-24-1122TF,"1.25GbE, SFP,RJ-45",,,,,,,,,,,,,,,,,SFP,RJ-45
Transceiver,Transceiver,optional,AOI,10G,A7ELSN85ADMA1110,"10GbE, SFP+, LC",,,,,,,,,,,,,,,,,SFP+,LC
Transceiver,Transceiver,optional,Light Express,10G,M-SSAL-300C-YALE,"2.5G/1.25G, SFP, GPON ONU",,,,,,,,,,,,,,,,,SFP+,GPON ONU
Transceiver,Transceiver,optional,Formerica,10G,TAS-A1NH1-P11,"10GbE, SFP+, SR ",,,,,,,,,,,,,,,,,SFP+,SR 
Transceiver,Transceiver,optional,Formerica,10G,TAS-A1NB1-FAH,"10GbE, SFP+, LR",,,,,,,,,,,,,,,,,SFP+,LR
Transceiver,Transceiver,optional,Formerica,32G,TAS-A1L7G-JTA,"32GbE, SFP28, SR",,,,,,,,,,,,,,,,,SFP28,SR
Transceiver,Transceiver,optional,Formerica,32G,TAS-AAEB1-FTA,"32GbE, SFP28, LR",,,,,,,,,,,,,,,,,SFP28,LR
Transceiver,Transceiver,optional,Luxshare,10G,P591SMA05-SD-T,"10GbE, SFP+, SR",,,,,,,,,,,,,,,,,SFP+,SR
Transceiver,Transceiver,optional,Luxshare,10G,P591SSD05-NC-T,"10GbE, SFP+, LR",,,,,,,,,,,,,,,,,SFP+,LR
Transceiver,Transceiver,optional,Luxshare,25G,P592SMA05-SD-R,"25GbE, SFP28, SR",,,,,,,,,,,,,,,,,SFP28,SR
Transceiver,Transceiver,optional,Luxshare,32G,P592SMA11-SD-T,"32GbE, SFP28, SR",,,,,,,,,,,,,,,,,SFP28,SR
Transceiver,Transceiver,optional,Luxshare,100G,P591QMA22-SD-R,"100GbE, QSFP28, SR4",,,,,,,,,,,,,,,,,QSFP28,SR4
