Brand,section_key,section_name,section type,Sub.Group,MPN,Interface,FormFactor,Capacity
SAMSUNG,SSD,SSD / NVMe,optional,PM893,MZ7L3480HCHQ-00A07,SATA III/6Gbs,"2.5""/7mm",480
SAMSUNG,SSD,SSD / NVMe,optional,PM893,MZ7L3960HCJR-00A07,SATA III/6Gbs,"2.5""/7mm",960
SAMSUNG,SSD,SSD / NVMe,optional,PM893,MZ7L31T9HBLT-00A07,SATA III/6Gbs,"2.5""/7mm",1T9
SAMSUNG,SSD,SSD / NVMe,optional,PM893,MZ7L33T8HBLT-00A07,SATA III/6Gbs,"2.5""/7mm",3T8
SAMSUNG,SSD,SSD / NVMe,optional,PM893,MZ7L37T6HBLA-00A07,SATA III/6Gbs,"2.5""/7mm",7T6
SAMSUNG,SSD,SSD / NVMe,optional,PM9A3,MZ1L2960HCJR-00A07,NVMe PCIe GEN4,M.2 (22110),960
SAMSUNG,SSD,SSD / NVMe,optional,PM9A3,MZ1L21T9HCLS-00A07,NVMe PCIe GEN4,M.2 (22110),1T9
SAMSUNG,SSD,SSD / NVMe,optional,PM9A3,MZ1L23T8HBLA-00A07,NVMe PCIe GEN4,M.2 (22110),3T8
SAMSUNG,SSD,SSD / NVMe,optional,PM9A3,MZQL2960HCJR-00A07,NVMe PCIe GEN4,"2.5""/7mm",960
SAMSUNG,SSD,SSD / NVMe,optional,PM9A3,MZQL21T9HCJR-00A07,NVMe PCIe GEN4,"2.5""/7mm",1T9
SAMSUNG,SSD,SSD / NVMe,optional,PM9A3,MZQL23T8HCLS-00A07,NVMe PCIe GEN4,"2.5""/7mm",3T8
SAMSUNG,SSD,SSD / NVMe,optional,PM9A3,MZQL27T6HBLA-00A07,NVMe PCIe GEN4,"2.5""/7mm",7T6
SAMSUNG,SSD,SSD / NVMe,optional,PM9A3,MZQL215THBLA-00A07,NVMe PCIe GEN4,"2.5""/7mm",15T
SAMSUNG,SSD,SSD / NVMe,optional,PM9D3A,MZWL6960HFJA-00AW7,"NVMe PCIe GEN5
(Single Port)","2.5""/15mm",960
SAMSUNG,SSD,SSD / NVMe,optional,PM9D3A,MZWL61T9HFLT-00AW7,"NVMe PCIe GEN5
(Single Port)","2.5""/15mm",1T9
SAMSUNG,SSD,SSD / NVMe,optional,PM9D3A,MZWL63T8HFLT-00AW7,"NVMe PCIe GEN5
(Single Port)","2.5""/15mm",3T8
SAMSUNG,SSD,SSD / NVMe,optional,PM9D3A,MZWL67T6HBLC-00AW7,"NVMe PCIe GEN5
(Single Port)","2.5""/15mm",7T6
SAMSUNG,SSD,SSD / NVMe,optional,PM9D3A,MZWL615THBLF-00AW7,"NVMe PCIe GEN5
(Single Port)","2.5""/15mm",15T
SAMSUNG,SSD,SSD / NVMe,optional,PM9D3A,MZVL6480HFLU-01AW7,"NVMe PCIe GEN5
(Single Port)",M.2 (2280),480
SAMSUNG,SSD,SSD / NVMe,optional,PM9D3A,MZVL6960HFLB-01AW7,"NVMe PCIe GEN5
(Single Port)",M.2 (2280),960
SAMSUNG,SSD,SSD / NVMe,optional,PM9D3A,MZVL61T9HBL1-01AW7,"NVMe PCIe GEN5
(Single Port)",M.2 (2280),1T9
SAMSUNG,SSD,SSD / NVMe,optional,PM9D3A,MZTL61T9HFJA-00AW7,"NVMe PCIe GEN5
(Single Port)",E1.S 9.5mmT,1T9
SAMSUNG,SSD,SSD / NVMe,optional,PM9D3A,MZTL63T8HFLT-00AW7,"NVMe PCIe GEN5
(Single Port)",E1.S 9.5mmT,3T8
SAMSUNG,SSD,SSD / NVMe,optional,PM9D3A,MZTL67T6HBLC-00AW7,"NVMe PCIe GEN5
(Single Port)",E1.S 9.5mmT,7T6
SAMSUNG,SSD,SSD / NVMe,optional,PM9D3A,MZTL615THBLF-00AW7,"NVMe PCIe GEN5
(Single Port)",E1.S 9.5mmT,15T
SAMSUNG,SSD,SSD / NVMe,optional,PM9D3A,MZ3L61T9HFLT-00AW7,"NVMe PCIe GEN5
(Single Port)",E3.S_7.5mm,1T9
SAMSUNG,SSD,SSD / NVMe,optional,PM9D3A,MZ3L63T8HFLT-00AW7,"NVMe PCIe GEN5
(Single Port)",E3.S_7.5mm,3T8
SAMSUNG,SSD,SSD / NVMe,optional,PM9D3A,MZ3L67T6HBLC-00AW7,"NVMe PCIe GEN5
(Single Port)",E3.S_7.5mm,7T6
SAMSUNG,SSD,SSD / NVMe,optional,PM9D3A,MZ3L615THBLF-00AW7,"NVMe PCIe GEN5
(Single Port)",E3.S_7.5mm,15T
SAMSUNG,SSD,SSD / NVMe,optional,BM1743,MZWMO15THCLF-00AW7,"NVMe PCIe GEN4
(Dual Port)","2.5""/15mm",15T
SAMSUNG,SSD,SSD / NVMe,optional,BM1743,MZWMO30THCLF-00AW7,"NVMe PCIe GEN4
(Dual Port)",,30T
SAMSUNG,SSD,SSD / NVMe,optional,BM1743,MZWMO61THCLF-00AW7,"NVMe PCIe GEN4
(Dual Port)",,61.44T
SAMSUNG,SSD,SSD / NVMe,optional,PM1753,MZTL93T8HFLC-00AW7,NVMe PCIe GEN5,E1.S 9.5mmT,3T8
SAMSUNG,SSD,SSD / NVMe,optional,PM1753,MZTL97T6HFLA-00AW7,NVMe PCIe GEN5,E1.S 9.5mmT,7T6
SAMSUNG,SSD,SSD / NVMe,optional,PM1753,MZTL915THBLF-00AW7,NVMe PCIe GEN5,E1.S 9.5mmT,15T
MICRON,SSD,SSD / NVMe,optional,7500 PRO,MTFDKCC960TGP-1BK1JABYY,NVMe Gen4,U.3 (70x100x15),960
MICRON,SSD,SSD / NVMe,optional,7500 PRO,MTFDKCC1T9TGP-1BK1JABYY,NVMe Gen4,U.3 (70x100x15),1T9
MICRON,SSD,SSD / NVMe,optional,7500 PRO,MTFDKCC3T8TGP-1BK1JABYY,NVMe Gen4,U.3 (70x100x15),3T8
MICRON,SSD,SSD / NVMe,optional,7500 PRO,MTFDKCC7T6TGP-1BK1JABYY,NVMe Gen4,U.3 (70x100x15),7T6
MICRON,SSD,SSD / NVMe,optional,7500 PRO,MTFDKCC7T6TGP-1BK1DABYY,NVMe Gen4,U.3 (70x100x15),7T6
MICRON,SSD,SSD / NVMe,optional,7500 PRO,MTFDKCC15T3TGP-1BK1DABYY,NVMe Gen4,U.3 (70x100x15),15T3
MICRON,SSD,SSD / NVMe,optional,7500 MAX,MTFDKCC800TGQ-1BK1DABYY,NVMe Gen4,U.3 (70x100x15),800
MICRON,SSD,SSD / NVMe,optional,7500 MAX,MTFDKCC1T6TGQ-1BK1DABYY,NVMe Gen4,U.3 (70x100x15),1T6
MICRON,SSD,SSD / NVMe,optional,7500 MAX,MTFDKCC3T2TGQ-1BK1DABYY,NVMe Gen4,U.3 (70x100x15),3T2
MICRON,SSD,SSD / NVMe,optional,7500 MAX,MTFDKCC6T4TGQ-1BK1DABYY,NVMe Gen4,U.3 (70x100x15),6T4
MICRON,SSD,SSD / NVMe,optional,7500 MAX,MTFDKCC12T8TGQ-1BK1DABYY,NVMe Gen4,U.3 (70x100x15),12T8
MICRON,SSD,SSD / NVMe,optional,7450 PRO,MTFDKBA480TFR-1BC1ZABYY,NVMe Gen4, M.2 (22x80x3.8),480
MICRON,SSD,SSD / NVMe,optional,7450 PRO,MTFDKBA480TFR-1BC15ABYY,NVMe Gen4,M.2 (22x80x3.8),480
MICRON,SSD,SSD / NVMe,optional,7450 PRO,MTFDKBA960TFR-1BC1ZABYY,NVMe Gen4,M.2 (22x80x3.8),960
MICRON,SSD,SSD / NVMe,optional,7450 PRO,MTFDKBA960TFR-1BC15ABYY,NVMe Gen4,M.2 (22x80x3.8),960
MICRON,SSD,SSD / NVMe,optional,7450 PRO,MTFDKBG960TFR-1BC15ABYY,NVMe Gen4,M.2 (22x110x3.8),960
MICRON,SSD,SSD / NVMe,optional,7450 PRO,MTFDKBG1T9TFR-1BC15ABYY,NVMe Gen4,M.2 (22x110x3.8),1T9
MICRON,SSD,SSD / NVMe,optional,7450 PRO,MTFDKBG3T8TFR-1BC15ABYY,NVMe Gen4,M.2 (22x110x3.8),3T8
MICRON,SSD,SSD / NVMe,optional,7450 MAX,MTFDKBA400TFS-1BC1ZABYY,NVMe Gen4,M.2 (22x80x3.8),400
MICRON,SSD,SSD / NVMe,optional,7450 MAX,MTFDKBA800TFS-1BC1ZABYY,NVMe Gen4,M.2 (22x80x3.8),800
MICRON,SSD,SSD / NVMe,optional,7600 PRO,MTFDLAL1T9THG-1BP1JABYY,NVMe Gen5,U.2 (70x100x15),1T9
MICRON,SSD,SSD / NVMe,optional,7600 PRO,MTFDLAL3T8THG-1BP1JABYY,NVMe Gen5,U.2 (70x100x15),3T8
MICRON,SSD,SSD / NVMe,optional,7600 PRO,MTFDLAL7T6THG-1BP1JABYY,NVMe Gen5,U.2 (70x100x15),7T6
MICRON,SSD,SSD / NVMe,optional,7600 PRO,MTFDLAL15T3THG-1BP1JABYY,NVMe Gen5,U.2 (70x100x15),15T3
MICRON,SSD,SSD / NVMe,optional,7600 PRO,MTFDLCE1T9THG-1BP1DFCYY,NVMe Gen5,E1.S (34x119x15),1T9
MICRON,SSD,SSD / NVMe,optional,7600 PRO,MTFDLCE3T8THG-1BP1DFCYY,NVMe Gen5,E1.S (34x119x15),3T8
MICRON,SSD,SSD / NVMe,optional,7600 PRO,MTFDLCE7T6THG-1BP1DFCYY,NVMe Gen5,E1.S (34x119x15),7T6
MICRON,SSD,SSD / NVMe,optional,7600 PRO,MTFDLCE15T3THG-1BP1DFCYY,NVMe Gen5,E1.S (34x119x15),15T3
MICRON,SSD,SSD / NVMe,optional,7600 PRO,MTFDLBT1T9THG-1BP1DFCYY,NVMe Gen5,E1.S (34x119x9.5),1T9
MICRON,SSD,SSD / NVMe,optional,7600 PRO,MTFDLBT3T8THG-1BP1DFCYY,NVMe Gen5,E1.S (34x119x9.5),3T8
MICRON,SSD,SSD / NVMe,optional,7600 PRO,MTFDLBT7T6THG-1BP1DFCYY,NVMe Gen5,E1.S (34x119x9.5),7T6
MICRON,SSD,SSD / NVMe,optional,7600 PRO,MTFDLBQ1T9THG-1BP1DFCYY,NVMe Gen5,E3.S (76x113x7.5),1T9
MICRON,SSD,SSD / NVMe,optional,7600 PRO,MTFDLBQ3T8THG-1BP1DFCYY,NVMe Gen5,E3.S (76x113x7.5),3T8
MICRON,SSD,SSD / NVMe,optional,7600 PRO,MTFDLBQ7T6THG-1BP1DFCYY,NVMe Gen5,E3.S (76x113x7.5),7T6
MICRON,SSD,SSD / NVMe,optional,7600 PRO,MTFDLBQ15T3THG-1BP1DFCYY,NVMe Gen5,E3.S (76x113x7.5),15T3
MICRON,SSD,SSD / NVMe,optional,9550 PRO,MTFDLAL3T8THA-1BK1JABYY,NVMe Gen5,U.2 (70x100x15),3T8
MICRON,SSD,SSD / NVMe,optional,9550 PRO,MTFDLAL3T8THA-1BK1DABYY,NVMe Gen5,U.2 (70x100x15),3T8
MICRON,SSD,SSD / NVMe,optional,9550 PRO,MTFDLAL7T6THA-1BK1JABYY,NVMe Gen5,U.2 (70x100x15),7T6
MICRON,SSD,SSD / NVMe,optional,9550 PRO,MTFDLAL7T6THA-1BK1DABYY,NVMe Gen5,U.2 (70x100x15),7T6
MICRON,SSD,SSD / NVMe,optional,9550 PRO,MTFDLAL15T3THA-1BK1JABYY,NVMe Gen5,U.2 (70x100x15),15T3
MICRON,SSD,SSD / NVMe,optional,9550 PRO,MTFDLAL15T3THA-1BK1DABYY,NVMe Gen5,U.2 (70x100x15),15T3
MICRON,SSD,SSD / NVMe,optional,9550 PRO,MTFDLAL30T7THA-1BK1JABYY,NVMe Gen5,U.2 (70x100x15),30T7
MICRON,SSD,SSD / NVMe,optional,9550 PRO,MTFDLCE3T8THA-1BK1DFCYY,NVMe Gen5,E1.S (34x119x15),3T8
MICRON,SSD,SSD / NVMe,optional,9550 PRO,MTFDLCE7T6THA-1BK1DFCYY,NVMe Gen5,E1.S (34x119x15),7T6
MICRON,SSD,SSD / NVMe,optional,9550 PRO,MTFDLCE15T3THA-1BK1DFCYY,NVMe Gen5,E1.S (34x119x15),15T3
MICRON,SSD,SSD / NVMe,optional,9550 PRO,MTFDLBT7T6THA-1BK1DFCYY,NVMe Gen5,E1.S (34x119x9.5),7T6
MICRON,SSD,SSD / NVMe,optional,9550 PRO,MTFDLBQ15T3THA-1BK1DABYY,NVMe Gen5,E3.S (76x113x7.5),15T3
MICRON,SSD,SSD / NVMe,optional,9550 PRO,MTFDLBQ30T7THA-1BK1DABYY,NVMe Gen5,E3.S (76x113x7.5),30T7
MICRON,SSD,SSD / NVMe,optional,9550 MAX,MTFDLAL3T2THB-1BK1JABYY,NVMe Gen5,U.2 (70x100x15),3T2
MICRON,SSD,SSD / NVMe,optional,9550 MAX,MTFDLAL6T4THB-1BK1JABYY,NVMe Gen5,U.2 (70x100x15),6T4
MICRON,SSD,SSD / NVMe,optional,9550 MAX,MTFDLAL12T8THB-1BK1JABYY,NVMe Gen5,U.2 (70x100x15),12T8
MICRON,SSD,SSD / NVMe,optional,9550 MAX,MTFDLAL25T6THB-1BK1JABYY,NVMe Gen5,U.2 (70x100x15),25T6
MICRON,SSD,SSD / NVMe,optional,9550 MAX,MTFDLBQ3T2THB-1BK1DABYY,NVMe Gen5,E3.S (76x113x7.5),3T2
MICRON,SSD,SSD / NVMe,optional,9550 MAX,MTFDLBQ6T4THB-1BK1DABYY,NVMe Gen5,E3.S (76x113x7.5),6T4
MICRON,SSD,SSD / NVMe,optional,9550 MAX,MTFDLBQ15T3THA-1BK1DABYY,NVMe Gen5,E3.S (76x113x7.5),15T3
MICRON,SSD,SSD / NVMe,optional,9550 MAX,MTFDLBQ25T6THB-1BK1DABYY,NVMe Gen5,E3.S (76x113x7.5),25T6
